{"joint_accuracy": 0.8359052891977854, "act_rec": 0.9625397573330192, "act_prec": 0.9631070249882131, "act_f1": 0.9628233076061982, "act_f1_stderr": 0.002053719864222547, "slot_rec": 0.880195344970906, "slot_prec": 0.8999256347604377, "slot_f1": 0.8899511477648789, "slot_f1_stderr": 0.0032044510107178507, "request_slot_rec": 0.915336236090953, "request_slot_prec": 0.9606499111449607, "request_slot_f1": 0.9374458070110243, "request_slot_f1_stderr": 0.0037456830589225527, "disambiguation_label_rec": 0.8876947877485223, "disambiguation_label_prec": 0.8876947877485223, "disambiguation_label_f1": 0.8876947877485223, "disambiguation_label_f1_stderr": 0.007319115571015011}